truck_id	date	route	distance_km	fuel_consumed_litres	actual_fuel_cost_rs	fuel_type	state_of_refuel	load_status	fuel_card_id
T001	01-03-2026	Pune-Mumbai	150	28.1	2449	Diesel	GJ	Full	IOCL_01
T002	07-03-2026	Ahmedabad-Mumbai	530	127.2	11016	Diesel	KA	Full	BPCL_03
T003	05-03-2026	Ahmedabad-Mumbai	530	108.7	10155	Diesel	TN	Empty	HPCL_02
T004	05-03-2026	Chennai-Bangalore	350	64.5	6077	Diesel	DL	Empty	IOCL_01
T005	09-03-2026	Jaipur-Delhi	280	48.9	4194	Diesel	RJ	Half	BPCL_03
T006	08-03-2026	Mumbai-Ahmedabad	530	96.1	8905	Petrol	MH	Full	BPCL_03
T007	10-03-2026	Bangalore-Chennai	350	80.3	7324	Diesel	MH	Half	BPCL_03
T008	11-03-2026	Pune-Mumbai	150	27.1	2390	Diesel	RJ	Full	IOCL_01
T009	09-03-2026	Delhi-Jaipur	280	72.4	6401	Diesel	KA	Full	BPCL_03
T010	06-03-2026	Mumbai-Pune	150	28.6	2572	Diesel	DL	Full	HPCL_02
T011	01-03-2026	Ahmedabad-Mumbai	530	106.9	9425	Diesel	GJ	Empty	IOCL_01
T012	10-03-2026	Mumbai-Pune	150	32.8	2915	Diesel	KA	Full	IOCL_01
T013	06-03-2026	Mumbai-Pune	150	33.8	3168	Diesel	KA	Half	BPCL_03
T014	02-03-2026	Mumbai-Pune	150	41.5	3729	Diesel	TN	Empty	BPCL_03
T015	07-03-2026	Ahmedabad-Mumbai	530	99	9057	Diesel	TN	Empty	IOCL_01
T016	08-03-2026	Mumbai-Ahmedabad	530	114.8	10707	Diesel	MH	Full	IOCL_01
T017	11-03-2026	Jaipur-Delhi	280	65	6085	Diesel	TN	Full	HPCL_02
T018	04-03-2026	Ahmedabad-Mumbai	530	96.3	8199	Diesel	GJ	Full	BPCL_03
T019	07-03-2026	Mumbai-Ahmedabad	530	103.9	8950	Diesel	TN	Half	HPCL_02
T020	02-03-2026	Pune-Mumbai	150	30.8	2714	Petrol	GJ	Full	BPCL_03
T021	11-03-2026	Mumbai-Ahmedabad	530	99.6	8728	Diesel	RJ	Half	IOCL_01
T022	10-03-2026	Pune-Mumbai	150	26.3	2396	Diesel	TN	Full	BPCL_03
T023	01-03-2026	Mumbai-Pune	150	30.8	2686	Diesel	RJ	Empty	BPCL_03
T024	01-03-2026	Mumbai-Ahmedabad	530	124.4	10597	Diesel	GJ	Full	BPCL_03
T025	04-03-2026	Mumbai-Pune	150	27.4	2333	Diesel	KA	Half	BPCL_03
T026	01-03-2026	Chennai-Bangalore	350	68.9	5889	Diesel	TN	Empty	IOCL_01
T027	04-03-2026	Mumbai-Pune	150	26.9	2535	Petrol	RJ	Full	HPCL_02
T028	11-03-2026	Ahmedabad-Mumbai	530	95.1	8293	Diesel	DL	Empty	IOCL_01
T029	02-03-2026	Chennai-Bangalore	350	65.6	5803	Petrol	GJ	Half	HPCL_02
T030	04-03-2026	Jaipur-Delhi	280	71.3	6745	Petrol	RJ	Half	HPCL_02
T031	03-03-2026	Delhi-Jaipur	280	66.3	6045	Diesel	GJ	Full	IOCL_01
T032	06-03-2026	Bangalore-Chennai	350	75.8	6850	Diesel	MH	Full	BPCL_03
T033	07-03-2026	Chennai-Bangalore	350	67.8	6350	Diesel	MH	Half	IOCL_01
T034	05-03-2026	Mumbai-Pune	150	41.2	3792	Diesel	GJ	Full	HPCL_02
T035	05-03-2026	Jaipur-Delhi	280	50.1	4404	Diesel	GJ	Full	BPCL_03
T036	04-03-2026	Bangalore-Chennai	350	59.9	5451	Diesel	DL	Full	HPCL_02
T037	08-03-2026	Pune-Mumbai	150	25.7	2247	Diesel	RJ	Half	IOCL_01
T038	03-03-2026	Chennai-Bangalore	350	70.7	6488	Diesel	GJ	Empty	HPCL_02
T039	11-03-2026	Mumbai-Pune	150	37.7	3286	Diesel	TN	Empty	HPCL_02
T040	04-03-2026	Ahmedabad-Mumbai	530	104.4	9838	Diesel	DL	Full	BPCL_03
T041	03-03-2026	Chennai-Bangalore	350	67.6	5849	Diesel	GJ	Full	IOCL_01
T042	01-03-2026	Mumbai-Ahmedabad	530	100.1	8962	Diesel	MH	Full	BPCL_03
T043	07-03-2026	Bangalore-Chennai	350	77.5	7310	Diesel	GJ	Full	BPCL_03
T044	03-03-2026	Pune-Mumbai	150	27.4	2484	Petrol	RJ	Half	IOCL_01
T045	01-03-2026	Mumbai-Ahmedabad	530	127.8	11796	Diesel	TN	Half	IOCL_01
T046	06-03-2026	Mumbai-Ahmedabad	530	117.6	10954	Diesel	MH	Empty	HPCL_02
T047	01-03-2026	Mumbai-Ahmedabad	530	92.8	8222	Diesel	KA	Empty	HPCL_02
T048	09-03-2026	Ahmedabad-Mumbai	530	128.5	11923	Diesel	KA	Full	BPCL_03
T049	02-03-2026	Ahmedabad-Mumbai	530	116.9	11041	Diesel	GJ	Half	HPCL_02
T050	09-03-2026	Ahmedabad-Mumbai	530	104.4	9543	Diesel	KA	Full	BPCL_03
T051	03-03-2026	Chennai-Bangalore	350	98.6	8469	Diesel	KA	Half	IOCL_01
T052	04-03-2026	Delhi-Jaipur	280	65.6	5803	Petrol	GJ	Half	HPCL_02
T053	07-03-2026	Jaipur-Delhi	280	59.4	5062	Diesel	KA	Full	HPCL_02
T054	10-03-2026	Chennai-Bangalore	350	73.1	6665	Diesel	GJ	Full	IOCL_01
T055	09-03-2026	Mumbai-Ahmedabad	530	89.1	7955	Petrol	GJ	Full	IOCL_01
T056	01-03-2026	Pune-Mumbai	150	28.4	2672	Diesel	TN	Full	IOCL_01
T057	08-03-2026	Jaipur-Delhi	280	53.2	4663	Diesel	RJ	Half	IOCL_01
T058	11-03-2026	Delhi-Jaipur	280	52.1	4787	Diesel	KA	Full	BPCL_03
T059	11-03-2026	Delhi-Jaipur	280	69.2	6071	Diesel	KA	Full	BPCL_03
T060	02-03-2026	Delhi-Jaipur	280	49	4500	Diesel	MH	Half	BPCL_03
T061	01-03-2026	Chennai-Bangalore	350	61.1	5250	Diesel	DL	Half	IOCL_01
T062	11-03-2026	Ahmedabad-Mumbai	530	92.4	8703	Diesel	RJ	Full	HPCL_02
T063	05-03-2026	Chennai-Bangalore	350	78.7	7005	Diesel	GJ	Half	HPCL_02
T064	10-03-2026	Delhi-Jaipur	280	66	5863	Diesel	GJ	Empty	HPCL_02
T065	04-03-2026	Delhi-Jaipur	280	56.8	5229	Diesel	RJ	Full	BPCL_03
T066	07-03-2026	Delhi-Jaipur	280	72.7	6711	Diesel	DL	Empty	BPCL_03
T067	07-03-2026	Bangalore-Chennai	350	84.4	7443	Diesel	DL	Full	BPCL_03
T068	02-03-2026	Chennai-Bangalore	350	90.2	7880	Diesel	DL	Full	BPCL_03
T069	04-03-2026	Pune-Mumbai	150	31.1	2755	Diesel	GJ	Full	HPCL_02
T070	03-03-2026	Pune-Mumbai	150	40.5	3482	Diesel	DL	Empty	HPCL_02
T071	06-03-2026	Ahmedabad-Mumbai	530	142	13328	Diesel	GJ	Half	IOCL_01
T072	08-03-2026	Ahmedabad-Mumbai	530	151.3	13781	Diesel	TN	Full	IOCL_01
T073	04-03-2026	Bangalore-Chennai	350	68.1	6093	Diesel	DL	Empty	BPCL_03
T074	06-03-2026	Mumbai-Pune	150	26.2	2367	Diesel	KA	Full	HPCL_02
T075	08-03-2026	Ahmedabad-Mumbai	530	102.3	9187	Diesel	MH	Empty	BPCL_03
T076	05-03-2026	Jaipur-Delhi	280	47	4084	Diesel	DL	Empty	HPCL_02
T077	09-03-2026	Mumbai-Ahmedabad	530	95.4	8996	Diesel	TN	Empty	IOCL_01
T078	05-03-2026	Ahmedabad-Mumbai	530	92.2	8689	Diesel	DL	Full	HPCL_02
T079	07-03-2026	Delhi-Jaipur	280	63.1	5516	Diesel	DL	Empty	BPCL_03
T080	02-03-2026	Ahmedabad-Mumbai	530	96	8911	Diesel	DL	Full	BPCL_03
T081	10-03-2026	Pune-Mumbai	150	38.7	3381	Diesel	DL	Empty	IOCL_01
T082	11-03-2026	Bangalore-Chennai	350	91.6	7833	Diesel	TN	Empty	HPCL_02
T083	08-03-2026	Mumbai-Pune	150	41.7	3847	Diesel	KA	Empty	HPCL_02
T084	10-03-2026	Delhi-Jaipur	280	54.5	4680	Diesel	KA	Half	IOCL_01
T085	02-03-2026	Chennai-Bangalore	350	61.3	5328	Diesel	DL	Full	IOCL_01
T086	06-03-2026	Pune-Mumbai	150	36.2	3196	Diesel	KA	Full	BPCL_03
T087	09-03-2026	Mumbai-Ahmedabad	530	102.8	9415	Diesel	DL	Half	IOCL_01
T088	08-03-2026	Mumbai-Pune	150	27.1	2450	Diesel	KA	Empty	BPCL_03
T089	10-03-2026	Bangalore-Chennai	350	96.6	8778	Diesel	RJ	Half	BPCL_03
T090	09-03-2026	Mumbai-Ahmedabad	530	141.4	13220	Diesel	KA	Full	BPCL_03
T091	04-03-2026	Mumbai-Pune	150	38.9	3507	Diesel	MH	Full	HPCL_02
T092	07-03-2026	Chennai-Bangalore	350	63.1	5379	Diesel	GJ	Full	HPCL_02
T093	02-03-2026	Jaipur-Delhi	280	54	4633	Diesel	MH	Full	HPCL_02
T094	04-03-2026	Jaipur-Delhi	280	77.3	6930	Diesel	GJ	Empty	HPCL_02
T095	01-03-2026	Bangalore-Chennai	350	73.1	6840	Diesel	GJ	Full	HPCL_02
T096	04-03-2026	Jaipur-Delhi	280	57.5	4889	Diesel	KA	Full	BPCL_03
T097	07-03-2026	Chennai-Bangalore	350	63.8	5512	Diesel	TN	Empty	IOCL_01
T098	01-03-2026	Ahmedabad-Mumbai	530	106.4	10033	Diesel	MH	Half	HPCL_02
T099	04-03-2026	Mumbai-Ahmedabad	530	120.3	10938	Diesel	GJ	Half	HPCL_02
T100	02-03-2026	Ahmedabad-Mumbai	530	121.3	10339	Diesel	KA	Empty	BPCL_03
T101	04-03-2026	Ahmedabad-Mumbai	530	123	10636	Diesel	MH	Empty	IOCL_01
T102	02-03-2026	Pune-Mumbai	150	28.9	2502	Diesel	DL	Full	IOCL_01
T103	09-03-2026	Jaipur-Delhi	280	65.2	6188	Diesel	TN	Full	BPCL_03
T104	03-03-2026	Mumbai-Pune	150	31.3	2957	Diesel	RJ	Full	HPCL_02
T105	07-03-2026	Chennai-Bangalore	350	80.3	7391	Diesel	MH	Half	HPCL_02
T106	10-03-2026	Bangalore-Chennai	350	70.3	6539	Diesel	RJ	Half	HPCL_02
T107	01-03-2026	Bangalore-Chennai	350	58.7	5310	Diesel	RJ	Half	HPCL_02
T108	10-03-2026	Delhi-Jaipur	280	65.4	5920	Diesel	MH	Full	BPCL_03
T109	05-03-2026	Delhi-Jaipur	280	55.8	4813	Diesel	KA	Empty	IOCL_01
T110	03-03-2026	Bangalore-Chennai	350	62.4	5803	Diesel	GJ	Half	BPCL_03
T111	09-03-2026	Jaipur-Delhi	280	66	6184	Diesel	KA	Full	BPCL_03
T112	02-03-2026	Pune-Mumbai	150	31.5	2727	Diesel	DL	Full	HPCL_02
T113	01-03-2026	Delhi-Jaipur	280	55.1	5193	Diesel	GJ	Empty	HPCL_02
T114	03-03-2026	Bangalore-Chennai	350	67.8	5920	Diesel	TN	Half	BPCL_03
T115	04-03-2026	Mumbai-Ahmedabad	530	102.7	9553	Diesel	DL	Empty	BPCL_03
T116	04-03-2026	Bangalore-Chennai	350	68.2	6324	Diesel	GJ	Empty	BPCL_03
T117	09-03-2026	Mumbai-Ahmedabad	530	107.2	9889	Diesel	DL	Half	HPCL_02
T118	05-03-2026	Ahmedabad-Mumbai	530	95.2	8300	Diesel	GJ	Empty	HPCL_02
T119	05-03-2026	Mumbai-Pune	150	37.6	3373	Diesel	MH	Full	HPCL_02
T120	10-03-2026	Pune-Mumbai	150	35.8	3077	Petrol	GJ	Empty	HPCL_02
T121	04-03-2026	Ahmedabad-Mumbai	530	117	10124	Diesel	GJ	Empty	IOCL_01
T122	07-03-2026	Mumbai-Ahmedabad	530	99.6	9223	Diesel	RJ	Empty	HPCL_02
T123	07-03-2026	Jaipur-Delhi	280	49.9	4669	Diesel	TN	Half	HPCL_02
T124	10-03-2026	Ahmedabad-Mumbai	530	146.1	12457	Diesel	DL	Full	HPCL_02
T125	10-03-2026	Bangalore-Chennai	350	83.6	7286	Diesel	MH	Half	BPCL_03
T126	01-03-2026	Bangalore-Chennai	350	67.8	6363	Diesel	DL	Half	IOCL_01
T127	01-03-2026	Mumbai-Pune	150	25.5	2215	Diesel	RJ	Half	BPCL_03
T128	11-03-2026	Mumbai-Ahmedabad	530	143.6	13124	Diesel	RJ	Empty	IOCL_01
T129	03-03-2026	Bangalore-Chennai	350	61.1	5351	Diesel	TN	Half	HPCL_02
T130	01-03-2026	Mumbai-Ahmedabad	530	134	12033	Diesel	RJ	Full	HPCL_02
T131	04-03-2026	Pune-Mumbai	150	38.1	3302	Diesel	TN	Empty	BPCL_03
T132	04-03-2026	Chennai-Bangalore	350	82.6	7213	Petrol	TN	Half	HPCL_02
T133	10-03-2026	Pune-Mumbai	150	27.5	2434	Diesel	RJ	Half	IOCL_01
T134	05-03-2026	Mumbai-Ahmedabad	530	107.1	9230	Diesel	TN	Full	BPCL_03
T135	08-03-2026	Jaipur-Delhi	280	47.6	4188	Petrol	DL	Full	IOCL_01
T136	06-03-2026	Pune-Mumbai	150	29.2	2533	Diesel	RJ	Half	HPCL_02
T137	04-03-2026	Mumbai-Pune	150	35.2	3018	Diesel	KA	Half	BPCL_03
T138	08-03-2026	Chennai-Bangalore	350	67.4	6098	Diesel	TN	Half	IOCL_01
T139	03-03-2026	Ahmedabad-Mumbai	530	115.6	10926	Diesel	GJ	Full	BPCL_03
T140	04-03-2026	Ahmedabad-Mumbai	530	132.5	11525	Diesel	KA	Full	IOCL_01
T141	07-03-2026	Mumbai-Ahmedabad	530	94.2	8296	Diesel	MH	Half	BPCL_03
T142	09-03-2026	Delhi-Jaipur	280	70.7	6368	Diesel	RJ	Empty	HPCL_02
T143	04-03-2026	Mumbai-Pune	150	25.8	2220	Petrol	MH	Empty	HPCL_02
T144	01-03-2026	Bangalore-Chennai	350	82.3	7230	Diesel	DL	Half	HPCL_02
T145	06-03-2026	Pune-Mumbai	150	40.7	3647	Petrol	GJ	Half	HPCL_02
T146	10-03-2026	Chennai-Bangalore	350	89.9	8010	Diesel	GJ	Half	HPCL_02
T147	02-03-2026	Ahmedabad-Mumbai	530	137.3	12320	Petrol	MH	Empty	BPCL_03
T148	01-03-2026	Pune-Mumbai	150	39.6	3408	Diesel	RJ	Half	BPCL_03
T149	04-03-2026	Delhi-Jaipur	280	73.8	6383	Diesel	DL	Half	BPCL_03
T150	03-03-2026	Jaipur-Delhi	280	65.8	6136	Diesel	KA	Empty	HPCL_02
T151	03-03-2026	Chennai-Bangalore	350	70.4	6425	Diesel	RJ	Empty	BPCL_03
T152	05-03-2026	Bangalore-Chennai	350	79.5	7171	Petrol	DL	Half	HPCL_02
T153	08-03-2026	Mumbai-Pune	150	29.1	2555	Diesel	GJ	Full	IOCL_01
T154	11-03-2026	Mumbai-Pune	150	26.3	2298	Diesel	KA	Half	IOCL_01
T155	03-03-2026	Pune-Mumbai	150	37.4	3404	Diesel	TN	Half	BPCL_03
T156	03-03-2026	Jaipur-Delhi	280	59.5	5127	Diesel	KA	Half	HPCL_02
T157	11-03-2026	Mumbai-Ahmedabad	530	89.2	7657	Petrol	KA	Empty	IOCL_01
T158	05-03-2026	Chennai-Bangalore	350	70.5	6505	Diesel	MH	Full	BPCL_03
T159	03-03-2026	Chennai-Bangalore	350	92.7	8120	Diesel	MH	Full	BPCL_03
T160	01-03-2026	Jaipur-Delhi	280	65.9	6063	Diesel	RJ	Full	IOCL_01
T161	02-03-2026	Pune-Mumbai	150	37.4	3321	Diesel	DL	Half	BPCL_03
T162	05-03-2026	Pune-Mumbai	150	30.2	2772	Diesel	MH	Half	IOCL_01
T163	04-03-2026	Pune-Mumbai	150	38.4	3546	Diesel	GJ	Full	BPCL_03
T164	10-03-2026	Chennai-Bangalore	350	90.6	7937	Diesel	MH	Empty	BPCL_03
T165	01-03-2026	Pune-Mumbai	150	33.4	3056	Diesel	RJ	Half	BPCL_03
T166	08-03-2026	Mumbai-Pune	150	38.1	3311	Diesel	RJ	Empty	BPCL_03
T167	06-03-2026	Delhi-Jaipur	280	48.5	4404	Petrol	MH	Half	HPCL_02
T168	08-03-2026	Chennai-Bangalore	350	76.4	7103	Diesel	DL	Full	IOCL_01
T169	01-03-2026	Chennai-Bangalore	350	58.5	5024	Diesel	DL	Half	IOCL_01
T170	10-03-2026	Mumbai-Ahmedabad	530	136.6	11933	Diesel	RJ	Full	BPCL_03
T171	09-03-2026	Delhi-Jaipur	280	78.4	6876	Diesel	DL	Full	BPCL_03
T172	01-03-2026	Chennai-Bangalore	350	63.1	5811	Diesel	TN	Full	HPCL_02
T173	03-03-2026	Mumbai-Pune	150	36.4	3215	Diesel	RJ	Empty	HPCL_02
T174	04-03-2026	Chennai-Bangalore	350	92.2	7858	Diesel	DL	Empty	HPCL_02
T175	03-03-2026	Bangalore-Chennai	350	60.9	5779	Diesel	GJ	Half	BPCL_03
T176	10-03-2026	Chennai-Bangalore	350	84.1	7505	Diesel	RJ	Empty	IOCL_01
T177	02-03-2026	Ahmedabad-Mumbai	530	92.1	8516	Diesel	RJ	Half	IOCL_01
T178	09-03-2026	Mumbai-Ahmedabad	530	139.9	13131	Diesel	MH	Empty	BPCL_03
T179	11-03-2026	Jaipur-Delhi	280	72.1	6802	Diesel	RJ	Half	HPCL_02
T180	09-03-2026	Mumbai-Pune	150	26	2300	Diesel	RJ	Half	IOCL_01
T181	09-03-2026	Jaipur-Delhi	280	56.6	5022	Diesel	TN	Half	IOCL_01
T182	10-03-2026	Jaipur-Delhi	280	53.9	4880	Diesel	KA	Empty	BPCL_03
T183	01-03-2026	Ahmedabad-Mumbai	530	131	12260	Diesel	MH	Half	HPCL_02
T184	09-03-2026	Mumbai-Pune	150	27.1	2381	Diesel	TN	Full	IOCL_01
T185	01-03-2026	Bangalore-Chennai	350	63.5	5754	Diesel	RJ	Half	HPCL_02
T186	07-03-2026	Ahmedabad-Mumbai	530	94.8	8376	Petrol	GJ	Full	IOCL_01
T187	08-03-2026	Delhi-Jaipur	280	47.2	4022	Diesel	RJ	Full	BPCL_03
T188	10-03-2026	Bangalore-Chennai	350	86.1	8133	Diesel	MH	Full	IOCL_01
T189	05-03-2026	Bangalore-Chennai	350	81.7	7099	Diesel	TN	Empty	HPCL_02
T190	07-03-2026	Chennai-Bangalore	350	64.8	5662	Diesel	DL	Full	BPCL_03
T191	07-03-2026	Mumbai-Ahmedabad	530	100.4	9403	Diesel	KA	Empty	BPCL_03
T192	05-03-2026	Pune-Mumbai	150	29.8	2810	Diesel	KA	Full	BPCL_03
T193	10-03-2026	Chennai-Bangalore	350	70.8	6460	Diesel	TN	Full	BPCL_03
T194	10-03-2026	Mumbai-Ahmedabad	530	112.3	10603	Diesel	KA	Empty	BPCL_03
T195	11-03-2026	Pune-Mumbai	150	32.6	2823	Diesel	RJ	Empty	HPCL_02
T196	06-03-2026	Bangalore-Chennai	350	96.2	8965	Diesel	MH	Empty	BPCL_03
T197	03-03-2026	Bangalore-Chennai	350	93.3	8091	Diesel	TN	Half	BPCL_03
T198	07-03-2026	Bangalore-Chennai	350	65.1	5942	Diesel	DL	Empty	IOCL_01
T199	11-03-2026	Ahmedabad-Mumbai	530	106.5	9884	Diesel	KA	Full	BPCL_03
T200	06-03-2026	Chennai-Bangalore	350	99.6	8897	Diesel	KA	Empty	HPCL_02
T201	02-03-2026	Ahmedabad-Mumbai	530	94.4	8142	Diesel	KA	Empty	HPCL_02
T202	05-03-2026	Mumbai-Ahmedabad	530	132.1	11804	Diesel	RJ	Empty	HPCL_02
T203	06-03-2026	Mumbai-Ahmedabad	530	92.9	8109	Diesel	GJ	Empty	BPCL_03
T204	05-03-2026	Mumbai-Pune	150	27.5	2377	Diesel	GJ	Empty	HPCL_02
T205	04-03-2026	Chennai-Bangalore	350	86.5	7464	Diesel	DL	Empty	IOCL_01
T206	08-03-2026	Mumbai-Pune	150	31	2799	Diesel	RJ	Full	IOCL_01
T207	10-03-2026	Pune-Mumbai	150	26.4	2390	Diesel	TN	Half	BPCL_03
T208	11-03-2026	Pune-Mumbai	150	42.1	3585	Diesel	MH	Empty	IOCL_01
T209	03-03-2026	Ahmedabad-Mumbai	530	142.3	13477	Petrol	MH	Full	IOCL_01
T210	11-03-2026	Mumbai-Pune	150	37.7	3290	Diesel	KA	Empty	HPCL_02
T211	11-03-2026	Jaipur-Delhi	280	64.1	5983	Diesel	KA	Empty	IOCL_01
T212	09-03-2026	Pune-Mumbai	150	29	2580	Diesel	MH	Empty	IOCL_01
T213	05-03-2026	Pune-Mumbai	150	28.1	2545	Diesel	KA	Half	HPCL_02
T214	03-03-2026	Mumbai-Ahmedabad	530	134.5	12621	Diesel	TN	Half	IOCL_01
T215	09-03-2026	Pune-Mumbai	150	28.7	2513	Diesel	DL	Full	IOCL_01
T216	05-03-2026	Pune-Mumbai	150	27.7	2488	Diesel	KA	Empty	BPCL_03
T217	02-03-2026	Jaipur-Delhi	280	46.7	4008	Diesel	DL	Empty	IOCL_01
T218	04-03-2026	Bangalore-Chennai	350	62.8	5874	Diesel	DL	Half	HPCL_02
T219	07-03-2026	Bangalore-Chennai	350	74.6	6435	Diesel	DL	Empty	HPCL_02
T220	10-03-2026	Delhi-Jaipur	280	78.9	6799	Diesel	DL	Full	BPCL_03
T221	11-03-2026	Chennai-Bangalore	350	82.3	7477	Petrol	TN	Half	IOCL_01
T222	07-03-2026	Delhi-Jaipur	280	49.5	4573	Diesel	MH	Half	IOCL_01
T223	07-03-2026	Pune-Mumbai	150	40	3711	Petrol	GJ	Half	HPCL_02
T224	04-03-2026	Mumbai-Pune	150	41.7	3915	Diesel	TN	Half	HPCL_02
T225	10-03-2026	Jaipur-Delhi	280	51.4	4537	Diesel	KA	Full	HPCL_02
T226	05-03-2026	Mumbai-Ahmedabad	530	134.4	11602	Diesel	KA	Full	BPCL_03
T227	08-03-2026	Pune-Mumbai	150	25.1	2175	Diesel	GJ	Empty	BPCL_03
T228	06-03-2026	Chennai-Bangalore	350	63.4	5990	Petrol	KA	Half	IOCL_01
T229	01-03-2026	Pune-Mumbai	150	35.3	3077	Diesel	RJ	Half	IOCL_01
T230	06-03-2026	Bangalore-Chennai	350	91.9	7827	Diesel	GJ	Half	HPCL_02
T231	04-03-2026	Chennai-Bangalore	350	65.6	5615	Diesel	TN	Full	HPCL_02
T232	03-03-2026	Chennai-Bangalore	350	58.6	5457	Diesel	RJ	Empty	BPCL_03
T233	11-03-2026	Jaipur-Delhi	280	75.3	6517	Diesel	DL	Empty	BPCL_03
T234	06-03-2026	Bangalore-Chennai	350	94.9	8595	Diesel	KA	Full	HPCL_02
T235	06-03-2026	Bangalore-Chennai	350	59.2	5470	Diesel	KA	Full	HPCL_02
T236	11-03-2026	Chennai-Bangalore	350	82.1	7246	Diesel	TN	Empty	IOCL_01
T237	10-03-2026	Jaipur-Delhi	280	48.4	4454	Diesel	DL	Empty	HPCL_02
T238	02-03-2026	Jaipur-Delhi	280	68.8	6114	Diesel	GJ	Empty	BPCL_03
T239	11-03-2026	Jaipur-Delhi	280	55.2	4905	Petrol	RJ	Half	BPCL_03
T240	09-03-2026	Mumbai-Pune	150	27.3	2327	Diesel	GJ	Full	HPCL_02
T241	02-03-2026	Bangalore-Chennai	350	59.4	5354	Diesel	KA	Full	HPCL_02
T242	06-03-2026	Mumbai-Ahmedabad	530	88.5	7924	Diesel	TN	Full	BPCL_03
T243	01-03-2026	Ahmedabad-Mumbai	530	121.8	11277	Diesel	KA	Full	HPCL_02
T244	05-03-2026	Bangalore-Chennai	350	59.3	5331	Diesel	MH	Empty	HPCL_02
T245	02-03-2026	Delhi-Jaipur	280	71.5	6135	Diesel	MH	Full	HPCL_02
T246	06-03-2026	Jaipur-Delhi	280	71.1	6361	Diesel	KA	Empty	HPCL_02
T247	06-03-2026	Pune-Mumbai	150	29.5	2558	Diesel	RJ	Half	IOCL_01
T248	08-03-2026	Ahmedabad-Mumbai	530	96.4	8843	Diesel	RJ	Full	BPCL_03
T249	10-03-2026	Pune-Mumbai	150	29.5	2599	Diesel	RJ	Empty	IOCL_01
T250	01-03-2026	Ahmedabad-Mumbai	530	88.6	7660	Diesel	GJ	Empty	IOCL_01
T251	01-03-2026	Mumbai-Ahmedabad	530	119.8	10252	Diesel	TN	Full	IOCL_01
T252	10-03-2026	Mumbai-Ahmedabad	530	95.6	8562	Diesel	RJ	Empty	HPCL_02
T253	09-03-2026	Mumbai-Pune	150	35.4	3092	Diesel	KA	Full	HPCL_02
T254	03-03-2026	Jaipur-Delhi	280	59.9	5426	Diesel	DL	Full	BPCL_03
T255	04-03-2026	Jaipur-Delhi	280	75.7	6596	Diesel	RJ	Half	IOCL_01
T256	02-03-2026	Pune-Mumbai	150	27.1	2547	Diesel	TN	Half	BPCL_03
T257	01-03-2026	Mumbai-Pune	150	25.7	2293	Diesel	DL	Half	IOCL_01
T258	04-03-2026	Jaipur-Delhi	280	68.7	6127	Diesel	KA	Full	IOCL_01
T259	02-03-2026	Delhi-Jaipur	280	51	4480	Diesel	KA	Full	BPCL_03
T260	02-03-2026	Pune-Mumbai	150	26.6	2307	Petrol	TN	Empty	IOCL_01
T261	08-03-2026	Mumbai-Pune	150	29.3	2587	Petrol	GJ	Half	IOCL_01
T262	01-03-2026	Chennai-Bangalore	350	64.5	5525	Diesel	DL	Empty	BPCL_03
T263	08-03-2026	Delhi-Jaipur	280	53.2	4732	Petrol	RJ	Empty	IOCL_01
T264	09-03-2026	Bangalore-Chennai	350	83.4	7831	Diesel	TN	Half	IOCL_01
T265	05-03-2026	Bangalore-Chennai	350	71.7	6232	Diesel	DL	Full	IOCL_01
T266	06-03-2026	Ahmedabad-Mumbai	530	95.3	8982	Diesel	DL	Full	BPCL_03
T267	11-03-2026	Jaipur-Delhi	280	53.9	4931	Diesel	RJ	Full	BPCL_03
T268	09-03-2026	Jaipur-Delhi	280	50.2	4424	Diesel	DL	Full	IOCL_01
T269	05-03-2026	Pune-Mumbai	150	35.6	3260	Diesel	GJ	Full	BPCL_03
T270	04-03-2026	Delhi-Jaipur	280	67.3	5894	Diesel	GJ	Full	IOCL_01
T271	08-03-2026	Chennai-Bangalore	350	67.8	6048	Diesel	DL	Empty	HPCL_02
T272	08-03-2026	Mumbai-Pune	150	42.5	3810	Diesel	DL	Empty	HPCL_02
T273	09-03-2026	Pune-Mumbai	150	26.2	2439	Petrol	TN	Full	BPCL_03
T274	08-03-2026	Pune-Mumbai	150	37.1	3299	Diesel	GJ	Empty	IOCL_01
T275	10-03-2026	Mumbai-Pune	150	25.2	2221	Diesel	DL	Half	IOCL_01
T276	05-03-2026	Mumbai-Pune	150	27.4	2550	Diesel	GJ	Half	IOCL_01
T277	07-03-2026	Ahmedabad-Mumbai	530	140.9	13291	Diesel	TN	Empty	HPCL_02
T278	11-03-2026	Pune-Mumbai	150	42.6	3623	Diesel	TN	Empty	BPCL_03
T279	04-03-2026	Pune-Mumbai	150	25.4	2172	Petrol	MH	Empty	IOCL_01
T280	05-03-2026	Mumbai-Pune	150	35.7	3197	Diesel	TN	Empty	HPCL_02
T281	01-03-2026	Bangalore-Chennai	350	88.1	7726	Diesel	DL	Half	BPCL_03
T282	08-03-2026	Bangalore-Chennai	350	69.2	6552	Diesel	DL	Full	HPCL_02
T283	09-03-2026	Mumbai-Pune	150	40.1	3704	Diesel	GJ	Full	BPCL_03
T284	01-03-2026	Delhi-Jaipur	280	46.9	4251	Diesel	RJ	Full	IOCL_01
T285	06-03-2026	Mumbai-Ahmedabad	530	136.3	12677	Diesel	GJ	Full	HPCL_02
T286	05-03-2026	Jaipur-Delhi	280	47.7	4126	Diesel	DL	Empty	HPCL_02
T287	02-03-2026	Mumbai-Ahmedabad	530	150.4	13672	Diesel	TN	Half	IOCL_01
T288	02-03-2026	Chennai-Bangalore	350	89.3	8387	Diesel	KA	Full	HPCL_02
T289	01-03-2026	Ahmedabad-Mumbai	530	95.5	8549	Diesel	DL	Half	HPCL_02
T290	03-03-2026	Chennai-Bangalore	350	64.2	5846	Petrol	MH	Full	IOCL_01
T291	05-03-2026	Pune-Mumbai	150	25.7	2279	Diesel	RJ	Empty	BPCL_03
T292	01-03-2026	Bangalore-Chennai	350	84	7254	Diesel	KA	Half	HPCL_02
T293	03-03-2026	Bangalore-Chennai	350	66.5	5666	Diesel	KA	Empty	IOCL_01
T294	04-03-2026	Pune-Mumbai	150	27.3	2474	Diesel	KA	Full	BPCL_03
T295	08-03-2026	Delhi-Jaipur	280	58.9	5574	Diesel	RJ	Full	IOCL_01
T296	03-03-2026	Mumbai-Ahmedabad	530	121.7	10708	Diesel	MH	Full	BPCL_03
T297	10-03-2026	Chennai-Bangalore	350	85.4	7978	Diesel	TN	Empty	IOCL_01
T298	04-03-2026	Delhi-Jaipur	280	53.9	4701	Diesel	RJ	Full	BPCL_03
T299	04-03-2026	Mumbai-Ahmedabad	530	135.5	12124	Diesel	TN	Full	HPCL_02
T300	04-03-2026	Mumbai-Ahmedabad	530	122.9	11336	Diesel	TN	Full	IOCL_01
T301	08-03-2026	Mumbai-Ahmedabad	530	148.5	12768	Diesel	GJ	Full	HPCL_02
T302	11-03-2026	Chennai-Bangalore	350	71.3	6436	Diesel	TN	Empty	IOCL_01
T303	03-03-2026	Chennai-Bangalore	350	72.1	6797	Petrol	RJ	Empty	HPCL_02
T304	03-03-2026	Mumbai-Ahmedabad	530	118.9	10992	Petrol	GJ	Empty	IOCL_01
T305	05-03-2026	Delhi-Jaipur	280	51	4784	Diesel	MH	Half	IOCL_01
T306	04-03-2026	Mumbai-Ahmedabad	530	124.8	11492	Diesel	TN	Empty	BPCL_03
T307	01-03-2026	Delhi-Jaipur	280	70	6080	Diesel	RJ	Empty	HPCL_02
T308	07-03-2026	Mumbai-Pune	150	37	3427	Diesel	RJ	Empty	IOCL_01
T309	09-03-2026	Mumbai-Pune	150	34.6	3215	Diesel	GJ	Empty	BPCL_03
T310	02-03-2026	Chennai-Bangalore	350	60.6	5727	Diesel	RJ	Full	IOCL_01
T311	03-03-2026	Delhi-Jaipur	280	65.7	6127	Diesel	DL	Half	HPCL_02
T312	06-03-2026	Mumbai-Ahmedabad	530	88.6	7623	Diesel	GJ	Half	IOCL_01
T313	03-03-2026	Bangalore-Chennai	350	71.7	6106	Diesel	TN	Full	BPCL_03
T314	01-03-2026	Mumbai-Ahmedabad	530	142.7	13231	Diesel	GJ	Empty	HPCL_02
T315	06-03-2026	Jaipur-Delhi	280	70.5	6276	Diesel	TN	Half	HPCL_02
T316	02-03-2026	Jaipur-Delhi	280	62.2	5602	Diesel	GJ	Empty	HPCL_02
T317	03-03-2026	Bangalore-Chennai	350	80.3	6951	Diesel	RJ	Empty	BPCL_03
T318	07-03-2026	Ahmedabad-Mumbai	530	130.5	11633	Diesel	MH	Half	HPCL_02
T319	02-03-2026	Mumbai-Pune	150	26.1	2292	Diesel	DL	Half	BPCL_03
T320	09-03-2026	Mumbai-Ahmedabad	530	134.6	12182	Diesel	KA	Full	BPCL_03
T321	09-03-2026	Jaipur-Delhi	280	58.2	5324	Diesel	MH	Empty	BPCL_03
T322	01-03-2026	Mumbai-Pune	150	29.2	2586	Diesel	MH	Half	HPCL_02
T323	10-03-2026	Bangalore-Chennai	350	58.9	5519	Petrol	GJ	Empty	IOCL_01
T324	07-03-2026	Bangalore-Chennai	350	81.4	7584	Diesel	TN	Empty	BPCL_03
T325	01-03-2026	Ahmedabad-Mumbai	530	144.3	13096	Diesel	RJ	Empty	BPCL_03
T326	01-03-2026	Pune-Mumbai	150	33.7	2906	Diesel	KA	Half	IOCL_01
T327	05-03-2026	Pune-Mumbai	150	38.4	3630	Diesel	MH	Half	HPCL_02
T328	10-03-2026	Chennai-Bangalore	350	97.6	8814	Diesel	KA	Half	IOCL_01
T329	03-03-2026	Chennai-Bangalore	350	59.1	5237	Diesel	RJ	Full	IOCL_01
T330	11-03-2026	Pune-Mumbai	150	29.1	2563	Diesel	GJ	Full	HPCL_02
T331	05-03-2026	Chennai-Bangalore	350	68.1	6015	Diesel	MH	Empty	IOCL_01
T332	06-03-2026	Chennai-Bangalore	350	85.4	7532	Diesel	TN	Empty	BPCL_03
T333	05-03-2026	Chennai-Bangalore	350	62.6	5404	Diesel	TN	Half	BPCL_03
T334	03-03-2026	Bangalore-Chennai	350	63.9	5634	Diesel	TN	Half	IOCL_01
T335	03-03-2026	Pune-Mumbai	150	26.9	2504	Diesel	TN	Empty	HPCL_02
T336	02-03-2026	Bangalore-Chennai	350	98.7	9062	Petrol	RJ	Full	BPCL_03
T337	05-03-2026	Ahmedabad-Mumbai	530	121.5	10997	Diesel	KA	Half	IOCL_01
T338	04-03-2026	Jaipur-Delhi	280	79.7	7374	Diesel	DL	Empty	IOCL_01
T339	11-03-2026	Chennai-Bangalore	350	72	6622	Petrol	DL	Full	BPCL_03
T340	11-03-2026	Mumbai-Pune	150	28.1	2652	Diesel	MH	Full	BPCL_03
T341	04-03-2026	Mumbai-Ahmedabad	530	105.2	9748	Diesel	KA	Full	BPCL_03
T342	04-03-2026	Pune-Mumbai	150	31.7	2997	Diesel	KA	Empty	IOCL_01
T343	01-03-2026	Delhi-Jaipur	280	63.1	5795	Diesel	RJ	Full	HPCL_02
T344	06-03-2026	Ahmedabad-Mumbai	530	100	8804	Diesel	TN	Half	IOCL_01
T345	03-03-2026	Jaipur-Delhi	280	60.6	5340	Diesel	GJ	Empty	HPCL_02
T346	11-03-2026	Mumbai-Pune	150	29.7	2724	Diesel	RJ	Half	IOCL_01
T347	04-03-2026	Mumbai-Ahmedabad	530	93.4	8383	Diesel	KA	Half	BPCL_03
T348	04-03-2026	Chennai-Bangalore	350	61.7	5408	Diesel	MH	Full	HPCL_02
T349	02-03-2026	Jaipur-Delhi	280	50.6	4527	Diesel	DL	Full	HPCL_02
T350	04-03-2026	Delhi-Jaipur	280	65.5	5796	Diesel	DL	Empty	IOCL_01
T351	02-03-2026	Pune-Mumbai	150	30.9	2752	Diesel	KA	Empty	HPCL_02
T352	03-03-2026	Mumbai-Ahmedabad	530	131.9	11806	Diesel	RJ	Full	HPCL_02
T353	02-03-2026	Delhi-Jaipur	280	62.7	5908	Diesel	DL	Half	IOCL_01
T354	06-03-2026	Jaipur-Delhi	280	56.2	4943	Petrol	KA	Empty	IOCL_01
T355	09-03-2026	Ahmedabad-Mumbai	530	114.3	10625	Diesel	MH	Full	IOCL_01
T356	05-03-2026	Bangalore-Chennai	350	81.1	7182	Diesel	MH	Half	BPCL_03
T357	09-03-2026	Pune-Mumbai	150	35.3	3030	Diesel	TN	Full	IOCL_01
T358	06-03-2026	Pune-Mumbai	150	37.1	3333	Diesel	DL	Empty	IOCL_01
T359	11-03-2026	Jaipur-Delhi	280	51.8	4422	Diesel	GJ	Empty	BPCL_03
T360	10-03-2026	Chennai-Bangalore	350	99.4	9198	Diesel	TN	Half	HPCL_02
T361	09-03-2026	Mumbai-Ahmedabad	530	109.9	10092	Diesel	DL	Empty	HPCL_02
T362	04-03-2026	Pune-Mumbai	150	27.1	2553	Diesel	MH	Half	BPCL_03
T363	08-03-2026	Pune-Mumbai	150	39.6	3403	Diesel	TN	Empty	BPCL_03
T364	03-03-2026	Mumbai-Ahmedabad	530	114.2	10828	Diesel	MH	Full	HPCL_02
T365	06-03-2026	Delhi-Jaipur	280	76.5	6724	Diesel	GJ	Empty	HPCL_02
T366	08-03-2026	Delhi-Jaipur	280	64.1	5632	Diesel	GJ	Half	IOCL_01
T367	02-03-2026	Mumbai-Pune	150	36.3	3339	Diesel	GJ	Empty	HPCL_02
T368	05-03-2026	Jaipur-Delhi	280	61.7	5762	Diesel	KA	Half	IOCL_01
T369	07-03-2026	Mumbai-Ahmedabad	530	100.2	8799	Diesel	DL	Empty	HPCL_02
T370	05-03-2026	Chennai-Bangalore	350	60.9	5526	Diesel	GJ	Empty	BPCL_03
T371	02-03-2026	Pune-Mumbai	150	33.6	3135	Diesel	TN	Empty	IOCL_01
T372	06-03-2026	Bangalore-Chennai	350	97.4	9184	Diesel	TN	Empty	HPCL_02
T373	04-03-2026	Bangalore-Chennai	350	79.1	6879	Diesel	MH	Full	BPCL_03
T374	08-03-2026	Bangalore-Chennai	350	85.5	7838	Diesel	RJ	Half	BPCL_03
T375	11-03-2026	Mumbai-Pune	150	41.8	3770	Diesel	DL	Full	BPCL_03
T376	05-03-2026	Mumbai-Pune	150	33.5	2983	Diesel	MH	Full	BPCL_03
T377	05-03-2026	Chennai-Bangalore	350	70.7	6345	Diesel	GJ	Empty	BPCL_03
T378	06-03-2026	Ahmedabad-Mumbai	530	122.3	11257	Diesel	DL	Empty	BPCL_03
T379	01-03-2026	Chennai-Bangalore	350	74.2	6764	Diesel	TN	Full	BPCL_03
T380	04-03-2026	Mumbai-Pune	150	25.5	2230	Diesel	GJ	Full	IOCL_01
T381	08-03-2026	Chennai-Bangalore	350	83.8	7385	Diesel	KA	Empty	IOCL_01
T382	01-03-2026	Chennai-Bangalore	350	71.2	6395	Diesel	RJ	Half	HPCL_02
T383	03-03-2026	Chennai-Bangalore	350	90.8	7929	Diesel	KA	Full	BPCL_03
T384	06-03-2026	Delhi-Jaipur	280	62.8	5633	Diesel	TN	Full	BPCL_03
T385	02-03-2026	Delhi-Jaipur	280	50	4610	Diesel	GJ	Full	IOCL_01
T386	01-03-2026	Ahmedabad-Mumbai	530	114.4	10390	Diesel	TN	Empty	BPCL_03
T387	01-03-2026	Ahmedabad-Mumbai	530	93.7	8118	Diesel	KA	Empty	BPCL_03
T388	03-03-2026	Ahmedabad-Mumbai	530	146.4	12923	Diesel	TN	Empty	HPCL_02
T389	03-03-2026	Mumbai-Pune	150	25.7	2300	Diesel	DL	Half	IOCL_01
T390	10-03-2026	Mumbai-Ahmedabad	530	111.9	10477	Diesel	RJ	Half	HPCL_02
T391	03-03-2026	Chennai-Bangalore	350	60.3	5653	Petrol	MH	Half	IOCL_01
T392	10-03-2026	Mumbai-Ahmedabad	530	103.1	9113	Diesel	MH	Full	IOCL_01
T393	03-03-2026	Pune-Mumbai	150	35.8	3119	Diesel	GJ	Half	HPCL_02
T394	02-03-2026	Chennai-Bangalore	350	67	5928	Diesel	GJ	Half	IOCL_01
T395	05-03-2026	Jaipur-Delhi	280	71.8	6199	Diesel	MH	Half	IOCL_01
T396	09-03-2026	Mumbai-Ahmedabad	530	115.8	10687	Diesel	MH	Empty	IOCL_01
T397	04-03-2026	Mumbai-Pune	150	42.1	3765	Diesel	MH	Half	IOCL_01
T398	03-03-2026	Delhi-Jaipur	280	52.5	4955	Diesel	DL	Half	IOCL_01
T399	10-03-2026	Bangalore-Chennai	350	83.6	7798	Diesel	RJ	Empty	IOCL_01
T400	06-03-2026	Mumbai-Ahmedabad	530	126.1	11477	Diesel	MH	Empty	HPCL_02
T401	02-03-2026	Mumbai-Pune	150	31.2	2689	Diesel	KA	Empty	BPCL_03
T402	01-03-2026	Mumbai-Pune	150	35.2	3253	Diesel	GJ	Full	IOCL_01
T403	01-03-2026	Bangalore-Chennai	350	73.2	6557	Petrol	KA	Half	HPCL_02
T404	05-03-2026	Bangalore-Chennai	350	88.1	7836	Diesel	MH	Full	HPCL_02
T405	06-03-2026	Bangalore-Chennai	350	80.5	6927	Diesel	GJ	Half	BPCL_03
T406	04-03-2026	Jaipur-Delhi	280	72.7	6472	Diesel	MH	Full	IOCL_01
T407	03-03-2026	Jaipur-Delhi	280	47.6	4111	Petrol	TN	Half	BPCL_03
T408	09-03-2026	Delhi-Jaipur	280	53.7	4807	Diesel	KA	Empty	HPCL_02
T409	11-03-2026	Bangalore-Chennai	350	90.2	7913	Diesel	TN	Half	HPCL_02
T410	03-03-2026	Mumbai-Ahmedabad	530	119	11201	Diesel	TN	Full	IOCL_01
T411	08-03-2026	Delhi-Jaipur	280	62	5480	Petrol	TN	Empty	BPCL_03
T412	09-03-2026	Mumbai-Pune	150	28.6	2583	Petrol	KA	Empty	BPCL_03
T413	06-03-2026	Chennai-Bangalore	350	95.5	8146	Diesel	GJ	Empty	BPCL_03
T414	11-03-2026	Bangalore-Chennai	350	71.9	6678	Diesel	TN	Empty	BPCL_03
T415	10-03-2026	Chennai-Bangalore	350	70.8	6113	Diesel	MH	Half	BPCL_03
T416	01-03-2026	Pune-Mumbai	150	30.7	2746	Diesel	KA	Full	BPCL_03
T417	11-03-2026	Mumbai-Pune	150	27.7	2438	Diesel	RJ	Full	BPCL_03
T418	07-03-2026	Delhi-Jaipur	280	64.3	6047	Diesel	MH	Full	HPCL_02
T419	03-03-2026	Delhi-Jaipur	280	53.3	4623	Diesel	DL	Empty	HPCL_02
T420	03-03-2026	Ahmedabad-Mumbai	530	149.2	13425	Diesel	MH	Full	IOCL_01
T421	09-03-2026	Chennai-Bangalore	350	87.9	7481	Diesel	MH	Empty	HPCL_02
T422	06-03-2026	Pune-Mumbai	150	31.6	2882	Diesel	TN	Empty	HPCL_02
T423	03-03-2026	Mumbai-Ahmedabad	530	88.4	7935	Diesel	MH	Empty	BPCL_03
T424	05-03-2026	Chennai-Bangalore	350	66.1	6118	Diesel	TN	Empty	IOCL_01
T425	08-03-2026	Bangalore-Chennai	350	65.8	5880	Diesel	GJ	Full	IOCL_01
T426	08-03-2026	Chennai-Bangalore	350	64.6	6132	Diesel	KA	Full	IOCL_01
T427	11-03-2026	Delhi-Jaipur	280	61.7	5364	Diesel	KA	Empty	IOCL_01
T428	05-03-2026	Mumbai-Pune	150	37.1	3494	Diesel	KA	Empty	HPCL_02
T429	02-03-2026	Jaipur-Delhi	280	64.7	6066	Diesel	KA	Half	HPCL_02
T430	01-03-2026	Mumbai-Ahmedabad	530	100.7	8746	Diesel	KA	Half	HPCL_02
T431	03-03-2026	Jaipur-Delhi	280	48.9	4343	Diesel	GJ	Half	IOCL_01
T432	10-03-2026	Chennai-Bangalore	350	65.7	5939	Diesel	TN	Full	HPCL_02
T433	01-03-2026	Jaipur-Delhi	280	56.2	5007	Diesel	RJ	Half	BPCL_03
T434	04-03-2026	Bangalore-Chennai	350	76.8	6673	Diesel	DL	Empty	BPCL_03
T435	09-03-2026	Mumbai-Ahmedabad	530	124.4	11647	Diesel	RJ	Full	IOCL_01
T436	08-03-2026	Pune-Mumbai	150	31.2	2774	Diesel	TN	Full	IOCL_01
T437	04-03-2026	Chennai-Bangalore	350	62.5	5323	Diesel	RJ	Full	IOCL_01
T438	01-03-2026	Mumbai-Ahmedabad	530	103.9	9130	Diesel	DL	Half	IOCL_01
T439	06-03-2026	Bangalore-Chennai	350	58.5	5286	Diesel	DL	Half	HPCL_02
T440	06-03-2026	Jaipur-Delhi	280	71.3	6409	Petrol	TN	Empty	HPCL_02
T441	04-03-2026	Jaipur-Delhi	280	51.6	4487	Diesel	RJ	Half	HPCL_02
T442	08-03-2026	Ahmedabad-Mumbai	530	89.2	7991	Diesel	RJ	Full	IOCL_01
T443	08-03-2026	Ahmedabad-Mumbai	530	135.4	12701	Diesel	GJ	Half	HPCL_02
T444	08-03-2026	Bangalore-Chennai	350	92	8304	Diesel	GJ	Half	HPCL_02
T445	09-03-2026	Delhi-Jaipur	280	61.8	5272	Diesel	MH	Half	IOCL_01
T446	02-03-2026	Jaipur-Delhi	280	58.4	5037	Diesel	GJ	Empty	HPCL_02
T447	11-03-2026	Mumbai-Pune	150	26.6	2414	Diesel	GJ	Full	HPCL_02
T448	07-03-2026	Delhi-Jaipur	280	63.5	5805	Diesel	KA	Empty	BPCL_03
T449	04-03-2026	Chennai-Bangalore	350	82.9	7082	Diesel	DL	Half	HPCL_02
T450	05-03-2026	Chennai-Bangalore	350	85.3	7608	Diesel	MH	Empty	HPCL_02
T451	03-03-2026	Jaipur-Delhi	280	66.4	5670	Diesel	GJ	Empty	BPCL_03
T452	01-03-2026	Jaipur-Delhi	280	67.8	6294	Diesel	TN	Full	BPCL_03
T453	10-03-2026	Bangalore-Chennai	350	93.8	8545	Diesel	MH	Half	BPCL_03
T454	07-03-2026	Pune-Mumbai	150	27.7	2485	Diesel	GJ	Empty	BPCL_03
T455	04-03-2026	Mumbai-Pune	150	33.3	2834	Diesel	RJ	Half	BPCL_03
T456	10-03-2026	Delhi-Jaipur	280	49.1	4638	Petrol	KA	Half	HPCL_02
T457	04-03-2026	Mumbai-Ahmedabad	530	90.1	8224	Diesel	TN	Half	IOCL_01
T458	04-03-2026	Mumbai-Ahmedabad	530	121	10646	Diesel	KA	Half	BPCL_03
T459	01-03-2026	Chennai-Bangalore	350	79.4	6765	Diesel	MH	Full	BPCL_03
T460	08-03-2026	Pune-Mumbai	150	39.1	3524	Diesel	TN	Half	BPCL_03
T461	07-03-2026	Pune-Mumbai	150	33.5	2865	Diesel	GJ	Empty	IOCL_01
T462	05-03-2026	Chennai-Bangalore	350	85.2	7803	Diesel	DL	Full	IOCL_01
T463	03-03-2026	Pune-Mumbai	150	31.4	2888	Diesel	GJ	Half	HPCL_02
T464	03-03-2026	Ahmedabad-Mumbai	530	133.3	11507	Diesel	TN	Full	HPCL_02
T465	10-03-2026	Chennai-Bangalore	350	90	8306	Diesel	TN	Full	IOCL_01
T466	07-03-2026	Mumbai-Ahmedabad	530	111.9	9750	Diesel	RJ	Empty	HPCL_02
T467	10-03-2026	Mumbai-Ahmedabad	530	88.9	8389	Diesel	KA	Full	IOCL_01
T468	07-03-2026	Pune-Mumbai	150	25.5	2280	Diesel	RJ	Empty	IOCL_01
T469	03-03-2026	Chennai-Bangalore	350	92.6	8007	Diesel	RJ	Half	HPCL_02
T470	05-03-2026	Pune-Mumbai	150	26.5	2316	Diesel	KA	Full	BPCL_03
T471	02-03-2026	Delhi-Jaipur	280	77.6	7321	Diesel	TN	Half	IOCL_01
T472	03-03-2026	Ahmedabad-Mumbai	530	94.2	8917	Diesel	GJ	Empty	BPCL_03
T473	10-03-2026	Pune-Mumbai	150	32	2976	Petrol	GJ	Empty	IOCL_01
T474	08-03-2026	Chennai-Bangalore	350	73.7	6703	Diesel	MH	Full	IOCL_01
T475	09-03-2026	Pune-Mumbai	150	27.5	2365	Diesel	RJ	Half	IOCL_01
T476	01-03-2026	Jaipur-Delhi	280	68.9	6185	Diesel	DL	Half	BPCL_03
T477	03-03-2026	Mumbai-Ahmedabad	530	90.7	8181	Petrol	DL	Full	IOCL_01
T478	11-03-2026	Ahmedabad-Mumbai	530	90.3	8213	Diesel	DL	Empty	IOCL_01
T479	05-03-2026	Pune-Mumbai	150	25.2	2145	Petrol	DL	Empty	HPCL_02
T480	02-03-2026	Bangalore-Chennai	350	73.8	6672	Diesel	GJ	Full	IOCL_01
T481	05-03-2026	Bangalore-Chennai	350	61.6	5480	Diesel	TN	Full	HPCL_02
T482	03-03-2026	Delhi-Jaipur	280	55.8	4900	Petrol	KA	Half	IOCL_01
T483	06-03-2026	Mumbai-Pune	150	26.8	2287	Diesel	DL	Empty	BPCL_03
T484	10-03-2026	Ahmedabad-Mumbai	530	106.3	9044	Diesel	DL	Full	BPCL_03
T485	07-03-2026	Pune-Mumbai	150	40.4	3492	Diesel	RJ	Half	HPCL_02
T486	06-03-2026	Pune-Mumbai	150	25	2354	Diesel	RJ	Empty	BPCL_03
T487	11-03-2026	Mumbai-Pune	150	26.2	2419	Diesel	RJ	Empty	BPCL_03
T488	02-03-2026	Ahmedabad-Mumbai	530	101.4	9091	Diesel	RJ	Empty	IOCL_01
T489	05-03-2026	Jaipur-Delhi	280	52.1	4738	Diesel	GJ	Full	IOCL_01
T490	06-03-2026	Bangalore-Chennai	350	73.8	6918	Diesel	RJ	Half	HPCL_02
T491	09-03-2026	Pune-Mumbai	150	32.8	2928	Diesel	GJ	Empty	IOCL_01
T492	07-03-2026	Pune-Mumbai	150	28.7	2459	Diesel	GJ	Full	IOCL_01
T493	09-03-2026	Jaipur-Delhi	280	61	5506	Diesel	GJ	Full	BPCL_03
T494	02-03-2026	Jaipur-Delhi	280	50.8	4326	Diesel	TN	Half	HPCL_02
T495	11-03-2026	Ahmedabad-Mumbai	530	105.9	9242	Petrol	GJ	Empty	BPCL_03
T496	03-03-2026	Chennai-Bangalore	350	83.2	7747	Diesel	GJ	Empty	BPCL_03
T497	10-03-2026	Bangalore-Chennai	350	77.2	7034	Diesel	DL	Half	HPCL_02
T498	04-03-2026	Mumbai-Ahmedabad	530	92.5	8289	Diesel	RJ	Half	IOCL_01
T499	05-03-2026	Delhi-Jaipur	280	57.4	5032	Diesel	RJ	Full	IOCL_01
T500	06-03-2026	Pune-Mumbai	150	25.2	2166	Diesel	KA	Full	HPCL_02
